use lego_store;

INSERT INTO `lego_store`.`category` (`id`, `name`) VALUES ('1', 'LEGO CITY');
INSERT INTO `lego_store`.`category` (`id`, `name`) VALUES ('2', 'LEGO NINJAGO');
INSERT INTO `lego_store`.`category` (`id`, `name`) VALUES ('3', 'LEGO MARVEL');
INSERT INTO `lego_store`.`category` (`id`, `name`) VALUES ('4', 'LEGO FRIENDS');
INSERT INTO `lego_store`.`category` (`id`, `name`) VALUES ('5', 'LEGO HARRY POTTER');

INSERT INTO `lego_store`.`lego` (`id`, `image_box`, `image_url`, `name`, `number_of_pieces`, `price`, `quantity`, `release_year`, `status_delete`, `category_id`) VALUES ('1', '../../assets/img_lego/71774_box.png', '../../assets/img_lego/71774.png', 'Lloyd’s Golden Dragon', '989', '4600000', '5', '2022', 0, '2');
INSERT INTO `lego_store`.`lego` (`id`, `image_box`, `image_url`, `name`, `number_of_pieces`, `price`, `quantity`, `release_year`, `status_delete`, `category_id`) VALUES ('2', '../../assets/img_lego/71775_box.png', '../../assets/img_lego/71775.png', 'Nya\'s Samurai X MECH', '1003', '3400000', '4', '2022', 0, '2');
INSERT INTO `lego_store`.`lego` (`id`, `image_box`, `image_url`, `name`, `number_of_pieces`, `price`, `quantity`, `release_year`, `status_delete`, `category_id`) VALUES ('3', '../../assets/img_lego/71773_box.png', '../../assets/img_lego/71773.png', 'Kai’s Golden Dragon', '624', '2600000', '6', '2022', 0, '2');
INSERT INTO `lego_store`.`lego` (`id`, `image_box`, `image_url`, `name`, `number_of_pieces`, `price`, `quantity`, `release_year`, `status_delete`, `category_id`) VALUES ('4', '../../assets/img_lego/71769_box.png', '../../assets/img_lego/71769.png', 'Cole’s Dragon Cruiser', '384', '1450000', '10', '2022', 0, '2');
INSERT INTO `lego_store`.`lego` (`id`, `image_box`, `image_url`, `name`, `number_of_pieces`, `price`, `quantity`, `release_year`, `status_delete`, `category_id`) VALUES ('5', '../../assets/img_lego/41700_box.png', '../../assets/img_lego/41700.png', 'Beach Glamping', '380', '1250000', '2', '2021', 0, '4');
INSERT INTO `lego_store`.`lego` (`id`, `image_box`, `image_url`, `name`, `number_of_pieces`, `price`, `quantity`, `release_year`, `status_delete`, `category_id`) VALUES ('6', '../../assets/img_lego/60316_box.png', '../../assets/img_lego/60316.png', 'Police Station', '668', '15000000', '7', '2021', 0, '1');
INSERT INTO `lego_store`.`lego` (`id`, `image_box`, `image_url`, `name`, `number_of_pieces`, `price`, `quantity`, `release_year`, `status_delete`, `category_id`) VALUES ('7', '../../assets/img_lego/76386_box.jpg', '../../assets/img_lego/76386.jpg', 'Collectors\' Edition', '217', '750000', '3', '2021', 0, '5');
INSERT INTO `lego_store`.`lego` (`id`, `image_box`, `image_url`, `name`, `number_of_pieces`, `price`, `quantity`, `release_year`, `status_delete`, `category_id`) VALUES ('8', '../../assets/img_lego/76200_box.jpg', '../../assets/img_lego/76200.png', 'Bro Thor New Asgard', '265', '800000', '8', '2021', 0, '3');
INSERT INTO `lego_store`.`lego` (`id`, `image_box`, `image_url`, `name`, `number_of_pieces`, `price`, `quantity`, `release_year`, `status_delete`, `category_id`) VALUES ('9', '../../assets/img_lego/71770_box.png', '../../assets/img_lego/71770.png', 'Zane Golden Dragon', '258', '700000', '8', '2022', 0, '2');
INSERT INTO `lego_store`.`lego` (`id`, `image_box`, `image_url`, `name`, `number_of_pieces`, `price`, `quantity`, `release_year`, `status_delete`, `category_id`) VALUES ('10', '../../assets/img_lego/71772_box.png', '../../assets/img_lego/71772.png', 'The Crystal King', '722', '1650000', '8', '2022', 0, '2');
INSERT INTO `lego_store`.`lego` (`id`, `image_box`, `image_url`, `name`, `number_of_pieces`, `price`, `quantity`, `release_year`, `status_delete`, `category_id`) VALUES ('11', '../../assets/img_lego/76409_box.png', '../../assets/img_lego/76409.png', 'Gryffindor™ House', '285', '750000', '18', '2023', 0, '5');
INSERT INTO `lego_store`.`lego` (`id`, `image_box`, `image_url`, `name`, `number_of_pieces`, `price`, `quantity`, `release_year`, `status_delete`, `category_id`) VALUES ('12', '../../assets/img_lego/76410_box.png', '../../assets/img_lego/76410.png', 'Slytherin™ House', '349', '750000', '20', '2023', 0, '5');
INSERT INTO `lego_store`.`lego` (`id`, `image_box`, `image_url`, `name`, `number_of_pieces`, `price`, `quantity`, `release_year`, `status_delete`, `category_id`) VALUES ('13', '../../assets/img_lego/76411_box.png', '../../assets/img_lego/76411.png', 'Ravenclaw™ House', '305', '750000', '8', '2023', 0, '5');
INSERT INTO `lego_store`.`lego` (`id`, `image_box`, `image_url`, `name`, `number_of_pieces`, `price`, `quantity`, `release_year`, `status_delete`, `category_id`) VALUES ('14', '../../assets/img_lego/76413_box.png', '../../assets/img_lego/76413.png', 'Room of Requirement', '587', '1150000', '15', '2023', 0, '5');
INSERT INTO `lego_store`.`lego` (`id`, `image_box`, `image_url`, `name`, `number_of_pieces`, `price`, `quantity`, `release_year`, `status_delete`, `category_id`) VALUES ('15', '../../assets/img_lego/76420_box.png', '../../assets/img_lego/76420.png', 'Triwizard Tournament', '349', '950000', '10', '2023', 0, '5');
INSERT INTO `lego_store`.`lego` (`id`, `image_box`, `image_url`, `name`, `number_of_pieces`, `price`, `quantity`, `release_year`, `status_delete`, `category_id`) VALUES ('16', '../../assets/img_lego/60319_box.png', '../../assets/img_lego/60319.png', 'Fire Rescue & Police', '295', '8600000', '14', '2023', 0, '1');
INSERT INTO `lego_store`.`lego` (`id`, `image_box`, `image_url`, `name`, `number_of_pieces`, `price`, `quantity`, `release_year`, `status_delete`, `category_id`) VALUES ('17', '../../assets/img_lego/60384_box.png', '../../assets/img_lego/60384.png', 'Penguin Slushy Van', '194', '4600000', '20', '2023', 0, '1');
INSERT INTO `lego_store`.`lego` (`id`, `image_box`, `image_url`, `name`, `number_of_pieces`, `price`, `quantity`, `release_year`, `status_delete`, `category_id`) VALUES ('18', '../../assets/img_lego/60386_box.png', '../../assets/img_lego/60386.png', 'Recycling Truck', '261', '6600000', '25', '2023', 0, '1');
INSERT INTO `lego_store`.`lego` (`id`, `image_box`, `image_url`, `name`, `number_of_pieces`, `price`, `quantity`, `release_year`, `status_delete`, `category_id`) VALUES ('19', '../../assets/img_lego/60388_box.png', '../../assets/img_lego/60388.png', 'Gaming Tournament', '344', '8600000', '19', '2023', 0, '1');
INSERT INTO `lego_store`.`lego` (`id`, `image_box`, `image_url`, `name`, `number_of_pieces`, `price`, `quantity`, `release_year`, `status_delete`, `category_id`) VALUES ('20', '../../assets/img_lego/76244_box.png', '../../assets/img_lego/76244.png', 'Miles Morales vs Morbius', '220', '560000', '16', '2023', 0, '3');
INSERT INTO `lego_store`.`lego` (`id`, `image_box`, `image_url`, `name`, `number_of_pieces`, `price`, `quantity`, `release_year`, `status_delete`, `category_id`) VALUES ('21', '../../assets/img_lego/76245_box.png', '../../assets/img_lego/76245.png', 'Ghost Rider Mech & Bike', '264', '760000', '25', '2023', 0, '3');
INSERT INTO `lego_store`.`lego` (`id`, `image_box`, `image_url`, `name`, `number_of_pieces`, `price`, `quantity`, `release_year`, `status_delete`, `category_id`) VALUES ('22', '../../assets/img_lego/76247_box.png', '../../assets/img_lego/76247.png', 'The Battle of Wakanda', '385', '1150000', '15', '2023', 0, '3');
INSERT INTO `lego_store`.`lego` (`id`, `image_box`, `image_url`, `name`, `number_of_pieces`, `price`, `quantity`, `release_year`, `status_delete`, `category_id`) VALUES ('23', '../../assets/img_lego/76248_box.png', '../../assets/img_lego/76248.png', 'The Avengers Quinjet', '795', '2300000', '10', '2023', 0, '3');
INSERT INTO `lego_store`.`lego` (`id`, `image_box`, `image_url`, `name`, `number_of_pieces`, `price`, `quantity`, `release_year`, `status_delete`, `category_id`) VALUES ('24', '../../assets/img_lego/41729_box.png', '../../assets/img_lego/41729.png', 'Organic Grocery Store', '830', '1990000', '14', '2023', 0, '4');
INSERT INTO `lego_store`.`lego` (`id`, `image_box`, `image_url`, `name`, `number_of_pieces`, `price`, `quantity`, `release_year`, `status_delete`, `category_id`) VALUES ('25', '../../assets/img_lego/41730_box.png', '../../assets/img_lego/41730.png', 'Autumn House', '853', '1600000', '5', '2023', 0, '4');
INSERT INTO `lego_store`.`lego` (`id`, `image_box`, `image_url`, `name`, `number_of_pieces`, `price`, `quantity`, `release_year`, `status_delete`, `category_id`) VALUES ('26', '../../assets/img_lego/41731_box.png', '../../assets/img_lego/41731.png', 'Heartlake International', '985', '2300000', '23', '2023', 0, '4');
INSERT INTO `lego_store`.`lego` (`id`, `image_box`, `image_url`, `name`, `number_of_pieces`, `price`, `quantity`, `release_year`, `status_delete`, `category_id`) VALUES ('27', '../../assets/img_lego/41735_box.png', '../../assets/img_lego/41735.png', 'Mobile Tiny House', '785', '1550000', '11', '2023', 0, '4');

INSERT INTO `lego_store`.`user` (`username`, `is_delete`, `password`) VALUES ('admin', 0, '$2a$10$pZNW3zOtmMXwvWeWmRZYxeSbhRKvZE20dxWKQIX2SGlOTXKCBGfJC');
INSERT INTO `lego_store`.`user` (`username`, `is_delete`, `password`) VALUES ('employee', 0, '$2a$10$pZNW3zOtmMXwvWeWmRZYxeSbhRKvZE20dxWKQIX2SGlOTXKCBGfJC');
INSERT INTO `lego_store`.`user` (`username`, `is_delete`, `password`) VALUES ('customer', 0, '$2a$10$pZNW3zOtmMXwvWeWmRZYxeSbhRKvZE20dxWKQIX2SGlOTXKCBGfJC');

INSERT INTO `lego_store`.`role` (`id`, `is_delete`, `name`) VALUES ('1', 0, 'ROLE_ADMIN');
INSERT INTO `lego_store`.`role` (`id`, `is_delete`, `name`) VALUES ('2', 0, 'ROLE_EMPLOYEE');
INSERT INTO `lego_store`.`role` (`id`, `is_delete`, `name`) VALUES ('3', 0, 'ROLE_CUSTOMER');

INSERT INTO `lego_store`.`user_role` (`is_delete`, `username`, `role_id`) VALUES (0, 'admin', '1');
INSERT INTO `lego_store`.`user_role` (`is_delete`, `username`, `role_id`) VALUES (0, 'admin', '2');
INSERT INTO `lego_store`.`user_role` (`is_delete`, `username`, `role_id`) VALUES (0, 'admin', '3');
INSERT INTO `lego_store`.`user_role` (`is_delete`, `username`, `role_id`) VALUES (0, 'employee', '2');
INSERT INTO `lego_store`.`user_role` (`is_delete`, `username`, `role_id`) VALUES (0, 'employee', '3');
INSERT INTO `lego_store`.`user_role` (`is_delete`, `username`, `role_id`) VALUES (0, 'customer', '3');